{
  "legato-3rdParty-pjsip": 38.10326284170151, 
  "wakaama": 7.592332899570465, 
  "legato-Service-AirVantageConnector": 7.201447427272797, 
  "legato-PlatformAdaptor-DcsLinux": 3.9370527863502502, 
  "legato-PlatformAdaptor-QmiBin-ar759x": 19.766675412654877, 
  "legato-3rdParty-jansson": 8.57595819234848, 
  "legato-PlatformAdaptor-QmiBin-wp76xx": 7.772720217704773, 
  "legato-PlatformAdaptor-AT": 3.5447774529457092, 
  "tinydtls": 3.46601003408432, 
  "legato-PlatformAdaptor-Audio": 2.7918339371681213, 
  "legato-af": 46.21053159236908, 
  "legato-PlatformAdaptor-QmiBin-ar7": 9.839121520519257, 
  "lwm2mCore": 13.392953395843506, 
  "legato-PlatformAdaptor-WdogLinux": 3.785980999469757, 
  "legato-WiFi": 5.430924296379089, 
  "legato-3rdParty-tinycbor": 4.054015517234802, 
  "legato-PlatformAdaptor-FwUpdate": 3.5203245282173157, 
  "legato-PlatformAdaptor-QmiBin-ar758x": 13.372151553630829, 
  "legato-Raspi": 2.9038079380989075, 
  "legato-PlatformAdaptor-QmiBin-wp85": 11.294759690761566, 
  "legato-Dualsys": 2.6682958006858826, 
  "legato-3rdParty-plantuml": 7.889642596244812, 
  "legato-PlatformAdaptor-Simu": 7.162891268730164
}